name,dag_id
no-retries,create_content
gemini,create_content
manual,create_content
content,create_content
hyperbrowser,execute_automa_workflows
workflow,execute_automa_workflows
profile-persistent,execute_automa_workflows
mongodb,execute_automa_workflows
automa,execute_automa_workflows
timestamp,filter_links
workflow,filter_links
enhanced,filter_links
twitter,filter_links
mongodb,filter_links
setup,hyperbrowser_profile_setup
hyperbrowser,hyperbrowser_profile_setup
one-time,hyperbrowser_profile_setup
profile,hyperbrowser_profile_setup
automa,hyperbrowser_profile_setup
verification,verify_hyperbrowser_profile_setup
hyperbrowser,verify_hyperbrowser_profile_setup
testing,verify_hyperbrowser_profile_setup
profile,verify_hyperbrowser_profile_setup
automa,verify_hyperbrowser_profile_setup
